smid,lblid
MKEPI:012356a576e7919dee,ILT001_0002
MKEPI:01230b76560921a0ee,ILT001_0003
MKEPI:0123a974eb1db306ee,ILT001_0011
MKEPI:0123cc1fd8c3c3d4ee,ILT001_0018
MKEPI:0123b8c0c5341449ee,ILT001_0019
MKEPI:01234bf4dad50f6dee,ILT001_0021
MKEPI:0123050fd2f5d4baee,ILT001_0022
MKEPI:01231f24bcc1e013ee,ILT001_0023
MKEPI:01232fec74f04d25ee,ILT001_0024
MKEPI:01232d644fbbc2c9ee,ILT001_0025
MKEPI:0123067bdde117b9ee,ILT001_0026
MKEPI:01237777807f8153ee,ILT001_0027
MKEPI:01238b05bb954978ee,ILT001_0028
MKEPI:01231a79bef4bc59ee,ILT001_0029
MKEPI:01233e16d1061106ee,ILT001_0030
MKEPI:01236120d9fe7152ee,ILT001_0031
MKEPI:01238727fc40b47dee,ILT001_0032
MKEPI:0123f10c4dfb6c6aee,ILT001_0033
MKEPI:012312aa1365604dee,ILT001_0034
MKEPI:0123e55cf5609ab5ee,ILT001_0035
MKEPI:012395b8cac2e57cee,ILT001_0036
MKEPI:01236c71679c2184ee,ILT001_0037
MKEPI:0123ad5ee4865a38ee,ILT001_0038
MKEPI:0123271db6a95ebaee,ILT001_0039
MKEPI:01232b2ed697fb81ee,ILT001_0040
MKEPI:0123f3ce9b80e3c8ee,ILT001_0042
MKEPI:012388072f3e5e76ee,ILT001_0043
MKEPI:0123a32594509c15ee,ILT001_0044
MKEPI:01237e569b2a4894ee,ILT001_0045
MKEPI:0123b9e4e721aae1ee,ILT001_0046
MKEPI:0123b7cf3ebed0ccee,ILT001_0047
MKEPI:0123dfdfd5bc311bee,ILT001_0048
MKEPI:01232290c5f7206dee,ILT001_0049
MKEPI:01237bd9c7fe8101ee,ILT001_0050
MKEPI:01233a4fb1df4a5cee,ILT001_0051
MKEPI:0123e8163a78ef09ee,ILT001_0052
MKEPI:01232df02ec14b9aee,ILT001_0053
MKEPI:0123469e3adba175ee,ILT001_0054
MKEPI:012389cd878036ebee,ILT001_0055
MKEPI:01232d339e425d68ee,ILT001_0056
MKEPI:012359339078ce29ee,ILT001_0057
MKEPI:01238716e8c56844ee,ILT001_0058
MKEPI:0123ccbeace8e9eeee,ILT001_0059
MKEPI:01233fafcebac027ee,ILT001_0060
MKEPI:0123213495907bbeee,ILT001_0061
MKEPI:012319a8a70af125ee,ILT001_0062
MKEPI:0123498e44a29f2cee,ILT001_0063
MKEPI:0123ce06d6894d55ee,ILT001_0064
MKEPI:0123338ae1030a3eee,ILT001_0065
MKEPI:0123cd16bc07db4cee,ILT001_0066
MKEPI:012363c3dc09092fee,ILT001_0067
MKEPI:0123b07b656100e8ee,ILT001_0068
MKEPI:012378619cd5cdccee,ILT001_0069
MKEPI:0123e9306b0f112cee,ILT001_0070
MKEPI:01236f0c4700abe8ee,ILT001_0071
MKEPI:012370ef161b6368ee,ILT001_0072
MKEPI:0123fabca9712c0aee,ILT001_0073
MKEPI:012378b5979d5c20ee,ILT001_0074
MKEPI:0123cefdb7247b31ee,ILT001_0075
MKEPI:01236f8f302fa1b4ee,ILT001_0076
MKEPI:0123326faff322d6ee,ILT001_0077
MKEPI:012348781a14e5acee,ILT001_0078
MKEPI:0123a2d93494e665ee,ILT001_0079
MKEPI:0123748f4e4d5a48ee,ILT001_0080
MKEPI:01230e1a4217bcb3ee,ILT001_0081
MKEPI:0123a1c4a90f71a0ee,ILT001_0082
MKEPI:0123339027f4224eee,ILT001_0083
MKEPI:0123b330e3f9d51fee,ILT001_0084
MKEPI:0123bbd9d0cd4c95ee,ILT001_0085
MKEPI:01237ab0739d1386ee,ILT001_0086
MKEPI:01233e286e9ce330ee,ILT001_0087
MKEPI:01237dd3671339b8ee,ILT001_0088
MKEPI:0123ea5660b1409aee,ILT001_0089
MKEPI:0123fc5314ed30f7ee,ILT001_0090
MKEPI:0123b0127abe2c11ee,ILT001_0091
MKEPI:0123d0bd483ebe79ee,ILT001_0092
MKEPI:0123a88679b4b447ee,ILT001_0093
MKEPI:0123eb6147f85586ee,ILT001_0094
MKEPI:012365bb181f4a7fee,ILT001_0095
MKEPI:0123b22eab57335aee,ILT001_0096
MKEPI:0123f8e77dd158edee,ILT001_0097
MKEPI:0123b4a2a9d2ddbfee,ILT001_0098
MKEPI:0123bf07b9dbf623ee,ILT001_0099
MKEPI:0123628d92823d21ee,ILT001_0100
MKEPI:0123b79205e2b91fee,ILT001_0101
MKEPI:0123cfa4586d0071ee,ILT001_0102
MKEPI:01236b96dc63924aee,ILT001_0103
MKEPI:0123bbafe3649482ee,ILT001_0104
MKEPI:0123d674ad7ec433ee,ILT001_0105
MKEPI:01238ac5e08d8ea2ee,ILT001_0106
MKEPI:0123646b9354d3abee,ILT001_0107
MKEPI:0123836855ff8d7eee,ILT001_0108
MKEPI:01239cfa3bd72242ee,ILT001_0109
MKEPI:0123c4b01588ddb1ee,ILT001_0110
MKEPI:01233b63fa271e05ee,ILT001_0111
MKEPI:0123213371d3b220ee,ILT001_0112
MKEPI:01231fcc7f2d0d3aee,ILT001_0113
MKEPI:012383b96aaa2988ee,ILT001_0114
MKEPI:012381e4f3bf22ecee,ILT001_0115
MKEPI:01239e3a801e21a6ee,ILT001_0116
MKEPI:0123ba3ac05586ecee,ILT001_0117
MKEPI:0123a6cfcb7c70d0ee,ILT001_0118
MKEPI:012335d6c4d45b37ee,ILT001_0119
MKEPI:01237df110fd2d39ee,ILT001_0120
MKEPI:01231a6c7380374aee,ILT001_0121
MKEPI:0123c1e3a2599afdee,ILT001_0122
MKEPI:0123fb3f76d89fe0ee,ILT001_0123
MKEPI:0123bc18f6c938edee,ILT001_0124
MKEPI:01236e5bc7d7335fee,ILT001_0125
MKEPI:01237cbd30ceb521ee,ILT001_0126
MKEPI:01230ea26956beb1ee,ILT001_0127
MKEPI:01231fb82488663aee,ILT001_0128
MKEPI:0123f7c6cbfa7705ee,ILT001_0129
MKEPI:0123d290eb4b26b8ee,ILT001_0130
MKEPI:01232680efe6e1cbee,ILT001_0131
MKEPI:0123fe29ff529420ee,ILT001_0132
MKEPI:01234bd88445e85bee,ILT001_0133
MKEPI:0123ab868f17133fee,ILT001_0134
MKEPI:01232c9a09a0dcd7ee,ILT001_0135
MKEPI:012308b3a05e34d2ee,ILT001_0136
MKEPI:0123c1a2ed660fecee,ILT001_0137
MKEPI:01237bfd7f639887ee,ILT001_0138
MKEPI:012308197c76b093ee,ILT001_0139
MKEPI:0123d3b07f833225ee,ILT001_0140
MKEPI:01235e3ac1efd74aee,ILT001_0141
MKEPI:012371659e5ee624ee,ILT001_0142
MKEPI:0123b410323a5e1cee,ILT001_0143
MKEPI:01239ed1365d057bee,ILT001_0144
MKEPI:0123466194555723ee,ILT001_0145
MKEPI:0123aa03b74c4c7aee,ILT001_0146
MKEPI:0123cc608bddf5e2ee,ILT001_0147
MKEPI:0123ccbe56d03c07ee,ILT001_0148
MKEPI:0123e03da6ffbf2aee,ILT001_0149
MKEPI:012335d6589a27ddee,ILT001_0150
MKEPI:01233d58becf6440ee,ILT001_0151
MKEPI:0123771440640327ee,ILT001_0152
MKEPI:0123c104a05b43b5ee,ILT001_0153
MKEPI:0123a7ab94a7a38fee,ILT001_0154
MKEPI:012352bfaf08d6deee,ILT001_0155
MKEPI:0123504247cfe5e1ee,ILT001_0156
MKEPI:0123946ec29d486bee,ILT001_0157
MKEPI:0123c018029a7e61ee,ILT001_0158
MKEPI:0123351f721d02b9ee,ILT001_0159
MKEPI:0123c5f4a1015f7bee,ILT001_0160
MKEPI:0123943673927e5dee,ILT001_0161
MKEPI:01238f15553fd490ee,ILT001_0162
MKEPI:0123c472f3e48d0aee,ILT001_0163
MKEPI:0123b7163c5a4f00ee,ILT001_0164
MKEPI:0123938f06d690c2ee,ILT001_0165
MKEPI:012392b0dd00e956ee,ILT001_0166
MKEPI:012371d8e1ddba93ee,ILT001_0167
MKEPI:01237f6306124a7dee,ILT001_0168
MKEPI:01235c849862639eee,ILT001_0169
MKEPI:0123f8c4c399fe31ee,ILT001_0170
MKEPI:012347d8284a1b80ee,ILT001_0171
MKEPI:01230b0acc85cd2bee,ILT001_0172
MKEPI:0123a2b8f1c096c3ee,ILT001_0173
MKEPI:01233b8065e3161aee,ILT001_0174
MKEPI:0123c0041ed6354dee,ILT001_0175
MKEPI:0123dce6be676f75ee,ILT001_0176
MKEPI:01236e003d58eb13ee,ILT001_0177
MKEPI:01232b42bbfa0be4ee,ILT001_0178
MKEPI:0123c1b834f533d4ee,ILT001_0179
MKEPI:0123bc954d1dcaf0ee,ILT001_0180
MKEPI:01230b69e44abbb9ee,ILT001_0181
MKEPI:01233c6ec1650e61ee,ILT001_0182
MKEPI:012312edff9120e7ee,ILT001_0183
MKEPI:01239feec58ed88cee,ILT001_0184
MKEPI:0123568d449358aaee,ILT001_0185
MKEPI:01233eb5835f578fee,ILT001_0186
MKEPI:01235be174768879ee,ILT001_0187
MKEPI:01235b3ba0379454ee,ILT001_0188
MKEPI:0123930370e38012ee,ILT001_0189
MKEPI:0123b3c11cf09204ee,ILT001_0190
MKEPI:0123b3c6cc51cb89ee,ILT001_0191
MKEPI:0123216c375e6fb2ee,ILT001_0192
MKEPI:01238209510aedb6ee,ILT001_0193
MKEPI:0123ea61b7d3c33eee,ILT001_0194
MKEPI:0123ba326313da0dee,ILT001_0195
MKEPI:0123209586e4bda5ee,ILT001_0196
MKEPI:01234e54ee1678c8ee,ILT001_0197
MKEPI:012376d047f05460ee,ILT001_0198
MKEPI:012330b9232e2ab3ee,ILT001_0199
MKEPI:012334e439d13ab1ee,ILT001_0200
MKEPI:012375d1ddb8e264ee,ILT001_0201
MKEPI:01235ac5b19195e0ee,ILT001_0202
MKEPI:01233a3bc6766c6bee,ILT001_0203
MKEPI:0123878797016fc8ee,ILT001_0204
MKEPI:0123a3f86845fb7dee,ILT001_0205
MKEPI:0123986c00959237ee,ILT001_0206
MKEPI:0123c9df8b6ae66dee,ILT001_0207
MKEPI:0123cd0b7fe43e9dee,ILT001_0208
MKEPI:0123308c6a58b7ffee,ILT001_0209
MKEPI:0123d98bd22cfcadee,ILT001_0210
MKEPI:0123ac87836b0283ee,ILT001_0211
MKEPI:0123a446f1983bb0ee,ILT001_0212
MKEPI:0123a2e8e30e3d52ee,ILT001_0213
MKEPI:0123f8f4c3d9575bee,ILT001_0214
MKEPI:01237030073a8afaee,ILT001_0215
MKEPI:01239d50b5593cd6ee,ILT001_0216
MKEPI:0123795941a9d101ee,ILT001_0217
MKEPI:0123cfdb5a34673cee,ILT001_0218
MKEPI:0123ede6bbd68c25ee,ILT001_0219
MKEPI:0123d377809d5b19ee,ILT001_0220
MKEPI:0123d2906dee9f86ee,ILT001_0221
MKEPI:01235b72e794b6deee,ILT001_0222
MKEPI:012373e7dc30bca1ee,ILT001_0223
MKEPI:0123dd0263a6bcbeee,ILT001_0224
MKEPI:0123ad435fba8de1ee,ILT001_0225
MKEPI:01235b72e794b6deee,ILT001_0222
MKEPI:012373e7dc30bca1ee,ILT001_0223
MKEPI:0123dd0263a6bcbeee,ILT001_0224
MKEPI:0123ad435fba8de1ee,ILT001_0225
MKEPI:0123b8f086f91cd1ee,ILT001_0226
MKEPI:01236fd1aeb02b22ee,ILT001_0227
MKEPI:0123aad30212e019ee,ILT001_0228
MKEPI:0123ef85685a3f69ee,ILT001_0229
MKEPI:0123d87c07ae2531ee,ILT001_0230
MKEPI:0123c2cef702a05fee,ILT001_0231
MKEPI:01231ef49a117253ee,ILT001_0232
MKEPI:012323ba0057a2a2ee,ILT001_0233
MKEPI:01234d1ed51b2071ee,ILT001_0234
MKEPI:012332987ad625bdee,ILT001_0235
MKEPI:0123364a9062a8bcee,ILT001_0236
MKEPI:0123a44ebcaf7ae8ee,ILT001_0237
MKEPI:01239c8844a65577ee,ILT001_0238
MKEPI:0123dd4f3def141cee,ILT001_0239
MKEPI:0123a4cfdcb1d942ee,ILT001_0240
MKEPI:0123615d17dd25d0ee,ILT001_0241
MKEPI:01230d6b53dead14ee,ILT001_0242
MKEPI:0123d58d34215215ee,ILT001_0243
MKEPI:0123f9a370096ac0ee,ILT001_0244
MKEPI:01234c7a69cc9c31ee,ILT001_0245
MKEPI:01236914ba592d59ee,ILT001_0246
MKEPI:012348da69bc1d85ee,ILT001_0247
MKEPI:0123a0cc35993029ee,ILT001_0248
MKEPI:0123f135954d95beee,ILT001_0249
MKEPI:01234dc12afb70aaee,ILT001_0250
MKEPI:0123949afec25bc5ee,ILT001_0251
MKEPI:0123ac6425c0121dee,ILT001_0252
MKEPI:0123ad52476c2a14ee,ILT001_0253
MKEPI:0123fd529ea4f10cee,ILT001_0254
MKEPI:012377cc549339f9ee,ILT001_0255
MKEPI:0123010448735832ee,ILT001_0257
MKEPI:012388567d6e9ac9ee,ILT001_0258
MKEPI:01233880511d8fa2ee,ILT001_0259
MKEPI:0123c9548cc851bcee,ILT001_0260
MKEPI:012327c157e3dbccee,ILT001_0261
MKEPI:01231443c3ec26c5ee,ILT001_0262
MKEPI:0123013eca593eb2ee,ILT001_0263
MKEPI:0123af4a0d24ac5fee,ILT001_0264
MKEPI:01232e1b41091f8eee,ILT001_0265
MKEPI:01238a40f59225c4ee,ILT001_0266
MKEPI:012368bff74b5a85ee,ILT001_0267
MKEPI:0123f10a0c58b1a6ee,ILT001_0268
MKEPI:012323e3a4955176ee,ILT001_0269
MKEPI:0123d239f0241398ee,ILT001_0270
MKEPI:0123e6f125351c56ee,ILT001_0271
MKEPI:01235a3f815808bdee,ILT001_0272
MKEPI:0123cb1d61a2e8e7ee,ILT001_0273
MKEPI:0123b8f12a737291ee,ILT001_0274
MKEPI:012339f1bd0c45cdee,ILT001_0275
MKEPI:01232196f15f8d88ee,ILT001_0276
MKEPI:012333b9f1b1e31dee,ILT001_0277
MKEPI:01235d5a32a91789ee,ILT001_0278
MKEPI:01236eba7aa1f717ee,ILT001_0279
MKEPI:01238376b5d8003dee,ILT001_0280
MKEPI:01231ebd0528e348ee,ILT001_0281
MKEPI:0123893512c68795ee,ILT001_0282
MKEPI:01232336361a23f7ee,ILT001_0283
MKEPI:0123ed5e406dfc3fee,ILT001_0284
MKEPI:01233086b22275f6ee,ILT001_0285
MKEPI:01234ab6500ff39aee,ILT001_0286
MKEPI:012319597b1fcc9bee,ILT001_0287
MKEPI:012312539c6e4508ee,ILT001_0288
MKEPI:012330d2eb928012ee,ILT001_0289
MKEPI:0123199049df0901ee,ILT001_0290
MKEPI:0123d69f0264c8b7ee,ILT001_0291
MKEPI:01239969ee2944d5ee,ILT001_0292
MKEPI:012302fd7a9a097dee,ILT001_0293
MKEPI:01233817da0c7cc2ee,ILT001_0294
MKEPI:01234f9173420ebaee,ILT001_0295
MKEPI:0123f4fed6967313ee,ILT001_0296
MKEPI:0123943ef8328272ee,ILT001_0297
MKEPI:0123977de37d7fe7ee,ILT001_0298
MKEPI:0123480dd5a3a5ebee,ILT001_0299
MKEPI:0123c8e69b05ca47ee,ILT001_0300
MKEPI:0123d7cd46e042adee,ILT001_0301
MKEPI:012341e5168eeaecee,ILT001_0302
MKEPI:012351e39d147086ee,ILT001_0303
MKEPI:0123207e0ca76289ee,ILT001_0304
MKEPI:0123e14fc4242156ee,ILT001_0305
MKEPI:012398c65627e054ee,ILT001_0306
MKEPI:0123d1e742e5b96dee,ILT001_0307
MKEPI:012332dbb301c2a4ee,ILT001_0308
MKEPI:01234ca9419853eeee,ILT001_0309
MKEPI:01238a05c961a502ee,ILT001_0310
MKEPI:01239e4fe3d95e03ee,ILT001_0311
MKEPI:012376c9a65c8721ee,ILT001_0312
MKEPI:01232bf46b2b2700ee,ILT001_0313
MKEPI:0123c8d3ff3ae6b9ee,ILT001_0314
MKEPI:012357791c22f6eaee,ILT001_0315
MKEPI:0123df8a9ff0df07ee,ILT001_0316
MKEPI:01234b16dcda0dc3ee,ILT001_0317
MKEPI:0123694ebcd01adfee,ILT001_0318
MKEPI:0123c7be4d787a7aee,ILT001_0319
MKEPI:0123a2514902739eee,ILT001_0320
MKEPI:0123b40587a0e2dfee,ILT001_0321
MKEPI:0123517a2fb43fbdee,ILT001_0322
MKEPI:012360402cf018a1ee,ILT001_0323
MKEPI:0123c3c860ea0992ee,ILT001_0324
MKEPI:012336d176a270f4ee,ILT001_0325
MKEPI:0123314507ae4a00ee,ILT001_0326
MKEPI:012303462808e096ee,ILT001_0327
MKEPI:01235a5580eefa27ee,ILT001_0328
MKEPI:0123f044be7b1f79ee,ILT001_0329
MKEPI:0123a8a61ef665edee,ILT001_0330
MKEPI:0123af1f9ee926ccee,ILT001_0331
MKEPI:0123279fb0df93b7ee,ILT001_0332
MKEPI:01233f7b9db5f18bee,ILT001_0333
MKEPI:01236fe90a7d90e8ee,ILT001_0334
MKEPI:01232b30266a61dfee,ILT001_0335
MKEPI:0123733523148243ee,ILT001_0336
MKEPI:0123c77bdd7e6ca9ee,ILT001_0337
MKEPI:01233f8c77161502ee,ILT001_0338
MKEPI:0123fd58adc87004ee,ILT001_0339
MKEPI:0123f666f9e295bdee,ILT001_0340
MKEPI:01232fd4d94d1790ee,ILT001_0341
MKEPI:012324480441b9c1ee,ILT001_0342
MKEPI:01236658f098c07cee,ILT001_0343
MKEPI:0123e676fd5f11e1ee,ILT001_0344
MKEPI:0123d937caea66a0ee,ILT001_0345
MKEPI:0123c4246f9207c5ee,ILT001_0346
MKEPI:01239f2decd6b1cfee,ILT001_0347
MKEPI:012366e72f7d05fcee,ILT001_0348
MKEPI:0123450a043959d5ee,ILT001_0349
MKEPI:0123f8845a4dcbcdee,ILT001_0350
MKEPI:01235e0ec6aec594ee,ILT001_0351
MKEPI:0123c93e1d39d93bee,ILT001_0352
MKEPI:0123171186ab1eebee,ILT001_0353
MKEPI:012315992165cca8ee,ILT001_0354
MKEPI:012330603a43f147ee,ILT001_0355
MKEPI:0123257c29fadf4bee,ILT001_0356
MKEPI:012371fe42b4e115ee,ILT001_0357
MKEPI:0123365ff96d2dddee,ILT001_0358
MKEPI:012301dafcbfffedee,ILT001_0359
MKEPI:0123e5e2e43192d5ee,ILT001_0360
MKEPI:0123ae54828fedc1ee,ILT001_0361
MKEPI:01234fca246779f5ee,ILT001_0362
MKEPI:0123403b437a5422ee,ILT001_0363
MKEPI:012339e4e8d85e88ee,ILT001_0364
MKEPI:0123874c95ff082bee,ILT001_0365
MKEPI:0123078ab7ef1adcee,ILT001_0366
MKEPI:0123807ed9c373d7ee,ILT001_0367
MKEPI:01231c9a9a97482eee,ILT001_0368
MKEPI:0123127d2de0821cee,ILT001_0369
MKEPI:0123a231606bb89dee,ILT001_0370
MKEPI:012398bffde37c6eee,ILT001_0371
MKEPI:012317f89839ceb1ee,ILT001_0372
MKEPI:01230cacf1af07e8ee,ILT001_0373
MKEPI:01238569df5ecf37ee,ILT001_0374
MKEPI:0123f19c65d6a841ee,ILT001_0375
MKEPI:01235f8b5b4e945eee,ILT001_0376
MKEPI:0123a645722284f3ee,ILT001_0377
MKEPI:012319719e3451f4ee,ILT001_0378
MKEPI:0123bcb2cbb3ce3fee,ILT001_0379
MKEPI:01237efc7ca27999ee,ILT001_0380
MKEPI:0123a0ad833aa60aee,ILT001_0382
MKEPI:0123499815a7fb58ee,ILT001_0383
MKEPI:01233e66e0606d63ee,ILT001_0384
MKEPI:01235ab7352936b3ee,ILT001_0385
MKEPI:01239bb1fe74c713ee,ILT001_0386
MKEPI:01235bffd80fe682ee,ILT001_0387
MKEPI:0123ee9aa2036034ee,ILT001_0388
MKEPI:0123a03237d50773ee,ILT001_0389
MKEPI:01232c93cd23e699ee,ILT001_0390
MKEPI:012341090cfa47c9ee,ILT001_0391
MKEPI:0123067d02251164ee,ILT001_0392
MKEPI:0123b534dfae849aee,ILT001_0393
MKEPI:0123f433f4f520afee,ILT001_0394
MKEPI:01237d21c939a69bee,ILT001_0395
MKEPI:01234b9b99297d4bee,ILT001_0396
MKEPI:0123aec27a203e1fee,ILT001_0397
MKEPI:012304c570ee63eeee,ILT001_0398
MKEPI:01235ed7966e5c8bee,ILT001_0399
MKEPI:0123db3b3e755a79ee,ILT001_0400
MKEPI:0123dd8066a8a269ee,ILT001_0401
MKEPI:0123050a8fc9285bee,ILT001_0402
MKEPI:0123ed1232a9d275ee,ILT001_0403
MKEPI:012336c0d1421e02ee,ILT001_0404
MKEPI:012320d42d80de32ee,ILT001_0405
MKEPI:01233761723e3a6fee,ILT001_0406
MKEPI:0123d8db771ba5a8ee,ILT001_0407
MKEPI:012341af35e31f95ee,ILT001_0408
MKEPI:0123ce6d9fda2f86ee,ILT001_0409
MKEPI:0123121a779245e7ee,ILT001_0410
MKEPI:0123b803eadf6962ee,ILT001_0411
MKEPI:0123614b0d20f2c3ee,ILT001_0412
MKEPI:0123a12772fd96d1ee,ILT001_0413
MKEPI:012394d47bba8879ee,ILT001_0414
MKEPI:0123d79161844e41ee,ILT001_0415
MKEPI:0123825397332027ee,ILT001_0416
MKEPI:0123c5e270dee645ee,ILT001_0417
MKEPI:0123370539f03544ee,ILT001_0418
MKEPI:01230321e146c357ee,ILT001_0419
MKEPI:01239c6e99039e21ee,ILT001_0420
MKEPI:012309231fdf8310ee,ILT001_0421
MKEPI:012304a716dac347ee,ILT001_0422
MKEPI:01237694084a805dee,ILT001_0423
MKEPI:012305b6caf0879fee,ILT001_0424
MKEPI:01238efd09af5586ee,ILT001_0425
MKEPI:01236e8629ddd603ee,ILT001_0426
MKEPI:01230d892233a9e0ee,ILT001_0427
MKEPI:0123a1216da6aeceee,ILT001_0428
MKEPI:0123beed1c759901ee,ILT001_0429
MKEPI:0123a0326b073e25ee,ILT001_0430
MKEPI:0123208c2a6a24eeee,ILT001_0431
MKEPI:012335f67096b112ee,ILT001_0432
MKEPI:0123624e41e8d8e4ee,ILT001_0433
MKEPI:0123d2e0df16b8adee,ILT001_0434
MKEPI:0123a2959f94aab2ee,ILT001_0435
MKEPI:012360c7d8699e36ee,ILT001_0436
MKEPI:0123aff56d0d55bfee,ILT001_0437
MKEPI:0123ddb0af9d40fbee,ILT001_0438
MKEPI:01236ea9011a0facee,ILT001_0439
MKEPI:0123b10c2131e043ee,ILT001_0440
MKEPI:012329853bcd9ac7ee,ILT001_0441
MKEPI:01237a0d04109c63ee,ILT001_0442
MKEPI:0123b3b9d707db07ee,ILT001_0443
MKEPI:012334278455c305ee,ILT001_0444
MKEPI:01237da51b22d02aee,ILT001_0445
MKEPI:01231b22a8382075ee,ILT001_0446
MKEPI:01238bafe16c47a9ee,ILT001_0447
MKEPI:0123435aa8c77a05ee,ILT001_0448
MKEPI:0123317db1cf773aee,ILT001_0449
MKEPI:0123103ef06922b2ee,ILT001_0450
MKEPI:0123321c3b65f765ee,ILT001_0451
MKEPI:01236765ae38ffccee,ILT001_0452
MKEPI:0123b0310155d5a0ee,ILT001_0453
MKEPI:01232cc1d5e04665ee,ILT001_0454
MKEPI:012330c54b848a49ee,ILT001_0455
MKEPI:01234dd1243aa1b2ee,ILT001_0456
MKEPI:01237a8790ab630dee,ILT001_0457
MKEPI:0123be5ca73d4e71ee,ILT001_0458
MKEPI:0123cd45d48d5d7aee,ILT001_0459
MKEPI:0123fc08e38bb664ee,ILT001_0460
MKEPI:012307c8ebeb7bcaee,ILT001_0461
MKEPI:01235049ae206c71ee,ILT001_0462
MKEPI:01234d6f83bdd0d9ee,ILT001_0463
MKEPI:0123c2e3af76336bee,ILT001_0464
MKEPI:01237362c14ca34fee,ILT001_0465
MKEPI:0123d91f8ea80396ee,ILT001_0466
MKEPI:0123edaabf56ca48ee,ILT001_0467
MKEPI:0123eebd07f0f5c1ee,ILT001_0468
MKEPI:01238a9ecb7300a5ee,ILT001_0469
MKEPI:01230c22ab6c3fedee,ILT001_0470
MKEPI:01232e401535ca6bee,ILT001_0471
MKEPI:01238779cf62621aee,ILT001_0472
MKEPI:0123d8afe7959b84ee,ILT001_0473
MKEPI:0123bcf8d1cb732aee,ILT001_0474
MKEPI:012345b89abd1ff9ee,ILT001_0475
MKEPI:0123c6961e18adbeee,ILT001_0476
MKEPI:0123109bf5f6d6b7ee,ILT001_0477
MKEPI:0123137117b4fb68ee,ILT001_0478
MKEPI:0123277dcccdcaafee,ILT001_0479
MKEPI:01231e44d65660e4ee,ILT001_0480
MKEPI:0123c019ebb4c647ee,ILT001_0481
MKEPI:0123056d75caf956ee,ILT001_0482
MKEPI:01234c289af87d27ee,ILT001_0483
MKEPI:012338010ab8c3bfee,ILT001_0484
MKEPI:0123972732ad4353ee,ILT001_0485
MKEPI:012391b499ffb5e1ee,ILT001_0486
MKEPI:0123c96d237e5299ee,ILT001_0487
MKEPI:0123c691d20517f3ee,ILT001_0488
MKEPI:01231d7d162b1b6aee,ILT001_0489
MKEPI:012324b461799f3bee,ILT001_0490
MKEPI:0123977eef01b07cee,ILT001_0491
MKEPI:012357c8d637d493ee,ILT001_0492
MKEPI:0123f5cebb1ecf61ee,ILT001_0493
MKEPI:01235e4d8f349d22ee,ILT001_0496
TIS:48020720,MKEUF1_0027
TIS:48020715,MKEUF1_0028
TIS:48020731,MKEUF1_0029
TIS:48020737,MKEUF1_0031
TIS:48020713,MKEUF1_0032
TIS:22120042,MKEUF1_0051
MKEPI:0123eeee71f1bf03ee,MKEPS1_004
MKEPI:0123d13a9e9d9beeee,MKEPS1_009

